t,signal
0, 3.19808
0.0030015, 2.62349
0.006003, 3.27875
0.0090045, 3.13399
0.012006, 3.62878
0.0150075, 3.23573
0.018009, 3.03323
0.0210105, 2.80335
0.024012, 3.05993
0.0270135, 3.38345
0.030015, 3.03517
0.0330165, 2.88711
0.036018, 3.18405
0.0390195, 3.02352
0.042021, 3.08842
0.0450225, 3.15681
0.048024, 3.18572
0.0510255, 3.32826
0.054027, 2.89919
0.0570285, 2.64213
0.06003, 2.83025
0.0630315, 3.007
0.066033, 3.09047
0.0690345, 2.99196
0.072036, 3.29881
0.0750375, 3.0855
0.078039, 3.10032
0.0810405, 3.09089
0.084042, 2.01329
0.0870435, 3.41026
0.090045, 2.50809
0.0930465, 2.93122
0.096048, 3.33414
0.0990495, 3.13453
0.102051, 2.71138
0.105053, 3.3765
0.108054, 2.81972
0.111056, 2.77487
0.114057, 2.61983
0.117059, 2.78157
0.12006, 2.89462
0.123062, 2.54925
0.126063, 2.75974
0.129065, 2.3826
0.132066, 2.7728
0.135068, 3.50958
0.138069, 2.43284
0.141071, 3.08417
0.144072, 2.22831
0.147074, 3.1518
0.150075, 2.39228
0.153077, 2.33759
0.156078, 1.93461
0.15908, 2.34536
0.162081, 2.1188
0.165083, 3.00602
0.168084, 2.4557
0.171086, 1.77795
0.174087, 1.88511
0.177089, 2.60597
0.18009, 2.48734
0.183092, 2.08115
0.186093, 1.79924
0.189095, 2.5508
0.192096, 3.06809
0.195098, 2.73206
0.198099, 1.7674
0.201101, 2.1735
0.204102, 2.3954
0.207104, 2.49538
0.210105, 2.28484
0.213107, 2.06881
0.216108, 2.3826
0.21911, 1.72958
0.222111, 1.70049
0.225113, 2.24195
0.228114, 1.50801
0.231116, 1.52626
0.234117, 2.31273
0.237119, 2.01677
0.24012, 2.3579
0.243122, 2.19955
0.246123, 2.26182
0.249125, 2.7413
0.252126, 2.37389
0.255128, 1.77852
0.258129, 2.32977
0.261131, 1.7068
0.264132, 2.59136
0.267134, 1.21465
0.270135, 2.3601
0.273137, 2.61056
0.276138, 1.89002
0.27914, 1.92828
0.282141, 2.21232
0.285143, 2.26636
0.288144, 1.39949
0.291146, 2.0804
0.294147, 1.34099
0.297149, 1.45136
0.30015, 1.46491
0.303152, 1.55981
0.306153, 1.136
0.309155, 1.56986
0.312156, 2.15349
0.315158, 2.31516
0.318159, 1.10541
0.321161, 1.89645
0.324162, 1.31811
0.327164, 1.70133
0.330165, 1.87223
0.333167, 1.26754
0.336168, 0.991795
0.33917, 1.25346
0.342171, 0.458269
0.345173, 1.83754
0.348174, 1.85537
0.351176, 0.782974
0.354177, 1.27301
0.357179, 1.69539
0.36018, 1.47783
0.363182, 1.30082
0.366183, 1.51109
0.369185, 1.08822
0.372186, 1.17122
0.375188, 1.37088
0.378189, 1.50494
0.381191, 1.51452
0.384192, 1.28341
0.387194, 1.52653
0.390195, 0.4238
0.393197, 1.11218
0.396198, 1.48717
0.3992, 0.950821
0.402201, 1.19116
0.405203, 1.0544
0.408204, 1.62272
0.411206, 1.75899
0.414207, 0.979577
0.417209, 1.1869
0.42021, 1.78601
0.423212, 1.14484
0.426213, 0.919597
0.429215, 1.25381
0.432216, 1.07926
0.435218, 1.38738
0.438219, 0.89073
0.441221, 1.03266
0.444222, 1.26715
0.447224, 1.01792
0.450225, 1.54995
0.453227, 1.15714
0.456228, 1.0139
0.45923, 1.36522
0.462231, 1.09397
0.465233, 0.779968
0.468234, 1.51925
0.471236, 1.21106
0.474237, 0.865394
0.477239, 0.943088
0.48024, 0.533977
0.483242, 0.860718
0.486243, 1.23879
0.489245, 1.01119
0.492246, 1.11676
0.495248, 0.936488
0.498249, 0.758864
0.501251, 0.862474
0.504252, 0.737226
0.507254, 1.22034
0.510255, 1.05183
0.513257, 1.21629
0.516258, 0.907575
0.51926, 0.939223
0.522261, 1.18251
0.525263, 0.97575
0.528264, 0.789221
0.531266, 1.15999
0.534267, 1.02706
0.537269, 0.540543
0.54027, 0.482073
0.543272, 1.64328
0.546273, 1.42265
0.549275, 1.48897
0.552276, 1.1354
0.555278, 1.35202
0.558279, 0.826567
0.561281, 0.83269
0.564282, 1.33545
0.567284, 0.809037
0.570285, 1.44787
0.573287, 0.951369
0.576288, 0.870521
0.57929, 1.15881
0.582291, 0.62508
0.585293, 0.980176
0.588294, 1.42283
0.591296, 1.3117
0.594297, 0.668453
0.597299, 1.52308
0.6003, 1.52486
0.603302, 1.30321
0.606303, 1.27556
0.609305, 1.16003
0.612306, 1.38895
0.615308, 1.37035
0.618309, 1.03484
0.621311, 1.49672
0.624312, 0.838947
0.627314, 2.03817
0.630315, 1.30663
0.633317, 1.2861
0.636318, 2.36668
0.63932, 0.990286
0.642321, 1.28598
0.645323, 1.04699
0.648324, 2.23251
0.651326, 1.9137
0.654327, 0.620364
0.657329, 1.79569
0.66033, 1.86538
0.663332, 1.47062
0.666333, 1.50087
0.669335, 0.961732
0.672336, 1.18171
0.675338, 0.689208
0.678339, 1.78273
0.681341, 2.08702
0.684342, 1.25527
0.687344, 1.35925
0.690345, 1.80678
0.693347, 1.44766
0.696348, 1.54264
0.69935, 2.07078
0.702351, 1.82176
0.705353, 1.49965
0.708354, 2.3397
0.711356, 2.0462
0.714357, 0.893382
0.717359, 0.947562
0.72036, 1.69649
0.723362, 2.62644
0.726363, 1.39654
0.729365, 1.33472
0.732366, 1.73956
0.735368, 1.12868
0.738369, 1.3809
0.741371, 2.09363
0.744372, 1.5739
0.747374, 1.74423
0.750375, 1.2262
0.753377, 2.5296
0.756378, 2.03282
0.75938, 2.36287
0.762381, 2.03502
0.765383, 2.51482
0.768384, 1.51923
0.771386, 2.03579
0.774387, 2.30647
0.777389, 2.13246
0.78039, 2.08345
0.783392, 2.16908
0.786393, 2.66649
0.789395, 2.10775
0.792396, 2.08511
0.795398, 2.7738
0.798399, 1.40381
0.801401, 2.38817
0.804402, 2.40677
0.807404, 2.21096
0.810405, 1.58264
0.813407, 2.08707
0.816408, 2.09722
0.81941, 2.68676
0.822411, 2.39962
0.825413, 2.01696
0.828414, 2.27872
0.831416, 1.95321
0.834417, 2.94271
0.837419, 2.31499
0.84042, 2.88975
0.843422, 2.5192
0.846423, 2.24559
0.849425, 1.72179
0.852426, 2.69034
0.855428, 2.22266
0.858429, 3.15163
0.861431, 2.87224
0.864432, 2.47453
0.867434, 2.36877
0.870435, 2.99141
0.873437, 2.14152
0.876438, 2.25529
0.87944, 2.79397
0.882441, 2.42553
0.885443, 2.77893
0.888444, 2.52701
0.891446, 1.8991
0.894447, 2.38443
0.897449, 2.86852
0.90045, 2.57928
0.903452, 2.66095
0.906453, 2.71183
0.909455, 3.00559
0.912456, 2.6612
0.915458, 2.42937
0.918459, 2.87584
0.921461, 2.92943
0.924462, 3.37129
0.927464, 3.16428
0.930465, 2.90446
0.933467, 2.78544
0.936468, 2.74999
0.93947, 2.99927
0.942471, 2.51692
0.945473, 2.84924
0.948474, 2.59583
0.951476, 2.78186
0.954477, 2.25058
0.957479, 2.7736
0.96048, 2.32461
0.963482, 2.63992
0.966483, 3.39912
0.969485, 2.86483
0.972486, 3.15526
0.975488, 3.17111
0.978489, 2.8274
0.981491, 2.39405
0.984492, 3.03954
0.987494, 2.80577
0.990495, 3.17024
0.993497, 2.95785
0.996498, 2.68567
0.9995, 2.82753
1.0025, 3.11487
1.0055, 2.91146
1.0085, 2.67644
1.01151, 2.55638
1.01451, 2.61325
1.01751, 2.59438
1.02051, 2.67539
1.02351, 2.55022
1.02651, 2.96147
1.02951, 2.31474
1.03252, 3.2118
1.03552, 2.46654
1.03852, 2.63677
1.04152, 2.21717
1.04452, 2.66066
1.04752, 2.49299
1.05053, 2.18621
1.05353, 2.68159
1.05653, 2.92938
1.05953, 2.76521
1.06253, 2.97569
1.06553, 2.45551
1.06853, 2.19758
1.07154, 2.58139
1.07454, 2.99437
1.07754, 2.88162
1.08054, 2.13913
1.08354, 2.44466
1.08654, 2.05507
1.08954, 2.50829
1.09255, 2.58621
1.09555, 2.59188
1.09855, 2.2879
1.10155, 2.82477
1.10455, 3.07946
1.10755, 2.56197
1.11056, 2.66792
1.11356, 2.68191
1.11656, 2.42644
1.11956, 2.74115
1.12256, 2.6094
1.12556, 2.24994
1.12856, 2.14079
1.13157, 2.81099
1.13457, 2.89231
1.13757, 2.08221
1.14057, 2.49828
1.14357, 2.51517
1.14657, 2.75859
1.14957, 2.19165
1.15258, 2.83453
1.15558, 2.83543
1.15858, 2.13775
1.16158, 2.76054
1.16458, 1.53509
1.16758, 2.65208
1.17059, 2.34211
1.17359, 2.23021
1.17659, 2.26584
1.17959, 2.49089
1.18259, 1.96702
1.18559, 1.96392
1.18859, 2.35399
1.1916, 2.49813
1.1946, 2.49
1.1976, 2.13334
1.2006, 2.14996
1.2036, 2.47444
1.2066, 2.54999
1.2096, 1.99924
1.21261, 1.64578
1.21561, 2.66093
1.21861, 2.14342
1.22161, 1.37199
1.22461, 1.97087
1.22761, 1.85704
1.23062, 1.82029
1.23362, 2.22038
1.23662, 1.63262
1.23962, 1.90753
1.24262, 1.21051
1.24562, 1.72981
1.24862, 1.54387
1.25163, 2.60108
1.25463, 1.82752
1.25763, 1.68766
1.26063, 1.7187
1.26363, 1.8779
1.26663, 1.76063
1.26963, 1.92305
1.27264, 2.42156
1.27564, 2.12192
1.27864, 1.96481
1.28164, 1.78496
1.28464, 1.98192
1.28764, 2.19337
1.29065, 1.62244
1.29365, 1.67632
1.29665, 2.32288
1.29965, 1.39338
1.30265, 1.66528
1.30565, 1.81085
1.30865, 2.3793
1.31166, 1.56315
1.31466, 2.07305
1.31766, 2.02821
1.32066, 1.99023
1.32366, 1.30987
1.32666, 1.96907
1.32966, 1.48847
1.33267, 1.82945
1.33567, 2.05455
1.33867, 1.7161
1.34167, 1.93036
1.34467, 1.51154
1.34767, 2.05641
1.35068, 1.52873
1.35368, 1.68592
1.35668, 1.96764
1.35968, 1.33448
1.36268, 1.59752
1.36568, 1.39329
1.36868, 1.70091
1.37169, 1.64124
1.37469, 1.28139
1.37769, 1.74314
1.38069, 1.77336
1.38369, 1.45296
1.38669, 1.76627
1.38969, 1.54616
1.3927, 1.15408
1.3957, 1.62483
1.3987, 1.65094
1.4017, 1.00513
1.4047, 1.13426
1.4077, 1.96016
1.41071, 1.34793
1.41371, 1.1271
1.41671, 1.78772
1.41971, 1.73322
1.42271, 1.55952
1.42571, 1.06356
1.42871, 1.37414
1.43172, 1.90709
1.43472, 1.03842
1.43772, 1.68503
1.44072, 1.70544
1.44372, 1.7299
1.44672, 1.62696
1.44972, 1.84553
1.45273, 1.18476
1.45573, 1.47097
1.45873, 1.60303
1.46173, 1.07027
1.46473, 1.01874
1.46773, 1.26955
1.47074, 1.51264
1.47374, 1.05899
1.47674, 1.00525
1.47974, 1.19943
1.48274, 1.84432
1.48574, 1.14605
1.48874, 1.28792
1.49175, 1.39088
1.49475, 1.49813
1.49775, 1.67143
1.50075, 1.22559
1.50375, 1.67909
1.50675, 1.50385
1.50975, 0.961357
1.51276, 1.97658
1.51576, 1.51538
1.51876, 1.35143
1.52176, 1.55414
1.52476, 1.52194
1.52776, 1.05184
1.53077, 1.28565
1.53377, 1.16343
1.53677, 1.75263
1.53977, 1.26281
1.54277, 1.95621
1.54577, 1.44592
1.54877, 1.96144
1.55178, 1.43832
1.55478, 1.87603
1.55778, 1.93882
1.56078, 1.32357
1.56378, 1.62159
1.56678, 1.56267
1.56978, 1.58038
1.57279, 1.82384
1.57579, 1.80198
1.57879, 1.75916
1.58179, 1.98713
1.58479, 1.68946
1.58779, 1.97889
1.5908, 1.50099
1.5938, 1.86094
1.5968, 1.73426
1.5998, 1.7475
1.6028, 1.59057
1.6058, 1.81311
1.6088, 1.58094
1.61181, 1.35681
1.61481, 1.19362
1.61781, 1.17284
1.62081, 1.61276
1.62381, 1.67216
1.62681, 1.5152
1.62981, 2.13952
1.63282, 1.57499
1.63582, 1.82877
1.63882, 1.84096
1.64182, 1.63642
1.64482, 2.04137
1.64782, 1.94664
1.65083, 1.53425
1.65383, 1.29886
1.65683, 1.55377
1.65983, 1.80695
1.66283, 2.03338
1.66583, 1.75853
1.66883, 1.16412
1.67184, 1.6355
1.67484, 2.00526
1.67784, 1.39477
1.68084, 1.50796
1.68384, 1.7634
1.68684, 1.9066
1.68984, 1.55962
1.69285, 1.74862
1.69585, 2.07144
1.69885, 1.5155
1.70185, 1.61728
1.70485, 1.99807
1.70785, 2.06422
1.71086, 1.85762
1.71386, 2.1174
1.71686, 2.05551
1.71986, 1.86293
1.72286, 1.90623
1.72586, 1.97086
1.72886, 1.64442
1.73187, 2.13819
1.73487, 2.06611
1.73787, 2.50897
1.74087, 2.36535
1.74387, 2.10251
1.74687, 2.2009
1.74987, 1.82777
1.75288, 2.09354
1.75588, 2.59058
1.75888, 2.14031
1.76188, 2.20138
1.76488, 1.48027
1.76788, 2.22274
1.77089, 2.02601
1.77389, 1.78299
1.77689, 2.1947
1.77989, 1.78057
1.78289, 2.4535
1.78589, 2.16144
1.78889, 2.12704
1.7919, 2.20758
1.7949, 2.20821
1.7979, 2.13742
1.8009, 1.79837
1.8039, 2.23637
1.8069, 1.71753
1.8099, 1.85223
1.81291, 2.22607
1.81591, 2.41792
1.81891, 2.1375
1.82191, 2.02163
1.82491, 2.51862
1.82791, 2.40953
1.83092, 1.64056
1.83392, 2.30924
1.83692, 2.24787
1.83992, 2.60197
1.84292, 2.56003
1.84592, 2.39465
1.84892, 2.03099
1.85193, 2.42118
1.85493, 1.92673
1.85793, 2.24131
1.86093, 2.32008
1.86393, 2.10952
1.86693, 1.87815
1.86993, 2.38618
1.87294, 2.64753
1.87594, 2.25337
1.87894, 2.44401
1.88194, 2.1965
1.88494, 2.11184
1.88794, 2.16077
1.89095, 2.17364
1.89395, 2.35685
1.89695, 2.49118
1.89995, 2.39553
1.90295, 2.31033
1.90595, 2.10535
1.90895, 2.19081
1.91196, 2.13696
1.91496, 2.76586
1.91796, 2.47879
1.92096, 1.84379
1.92396, 2.40605
1.92696, 1.98068
1.92996, 1.92587
1.93297, 1.84635
1.93597, 2.31584
1.93897, 2.25217
1.94197, 2.46588
1.94497, 2.37589
1.94797, 1.88561
1.95098, 2.75662
1.95398, 2.00026
1.95698, 1.87448
1.95998, 2.34692
1.96298, 2.37949
1.96598, 2.15331
1.96898, 2.18993
1.97199, 2.39021
1.97499, 2.93105
1.97799, 2.07399
1.98099, 2.20381
1.98399, 2.1958
1.98699, 2.48771
1.98999, 2.4571
1.993, 2.40864
1.996, 2.348
1.999, 2.35022
2.002, 2.00285
2.005, 2.51074
2.008, 2.63044
2.01101, 1.86301
2.01401, 2.59813
2.01701, 2.67665
2.02001, 2.17904
2.02301, 2.41037
2.02601, 2.45851
2.02901, 2.42929
2.03202, 2.35116
2.03502, 2.69596
2.03802, 2.19983
2.04102, 2.35689
2.04402, 2.4031
2.04702, 1.99191
2.05003, 2.35856
2.05303, 2.25681
2.05603, 2.43502
2.05903, 2.32244
2.06203, 2.4431
2.06503, 2.31401
2.06803, 2.73733
2.07104, 2.86748
2.07404, 2.45682
2.07704, 2.0481
2.08004, 2.84009
2.08304, 2.07742
2.08604, 2.23143
2.08904, 2.58459
2.09205, 2.30375
2.09505, 2.27679
2.09805, 2.59316
2.10105, 1.84354
2.10405, 2.18338
2.10705, 2.2389
2.11006, 2.6119
2.11306, 1.98816
2.11606, 2.83128
2.11906, 2.40789
2.12206, 2.58693
2.12506, 2.56163
2.12806, 2.29207
2.13107, 1.80462
2.13407, 1.82671
2.13707, 2.52418
2.14007, 2.44274
2.14307, 2.59862
2.14607, 2.12568
2.14907, 2.71213
2.15208, 2.32736
2.15508, 2.6103
2.15808, 2.07887
2.16108, 2.30092
2.16408, 2.23774
2.16708, 2.61374
2.17009, 2.04325
2.17309, 2.03162
2.17609, 1.9094
2.17909, 2.27383
2.18209, 1.66427
2.18509, 2.47317
2.18809, 2.40186
2.1911, 2.09704
2.1941, 2.02415
2.1971, 2.00717
2.2001, 2.18194
2.2031, 1.92488
2.2061, 2.11862
2.2091, 2.40192
2.21211, 2.03428
2.21511, 2.0872
2.21811, 2.24078
2.22111, 1.99167
2.22411, 2.17618
2.22711, 1.70399
2.23012, 1.91869
2.23312, 2.10695
2.23612, 1.78384
2.23912, 2.40949
2.24212, 2.14787
2.24512, 2.33634
2.24812, 2.1506
2.25113, 2.11118
2.25413, 2.4442
2.25713, 1.75476
2.26013, 2.15012
2.26313, 1.98133
2.26613, 2.25961
2.26913, 2.05147
2.27214, 1.38078
2.27514, 1.63608
2.27814, 1.93157
2.28114, 2.0029
2.28414, 1.70043
2.28714, 1.29632
2.29015, 2.17965
2.29315, 1.93492
2.29615, 1.67556
2.29915, 2.20299
2.30215, 2.07256
2.30515, 1.97644
2.30815, 1.86762
2.31116, 1.44173
2.31416, 2.2393
2.31716, 1.52352
2.32016, 2.36384
2.32316, 2.0056
2.32616, 2.12942
2.32916, 1.5288
2.33217, 1.32622
2.33517, 1.94101
2.33817, 1.65765
2.34117, 1.94016
2.34417, 1.59948
2.34717, 1.79666
2.35018, 1.62285
2.35318, 1.96237
2.35618, 1.84719
2.35918, 1.98552
2.36218, 1.18968
2.36518, 1.48043
2.36818, 1.45726
2.37119, 1.23847
2.37419, 2.02942
2.37719, 2.00525
2.38019, 1.80585
2.38319, 1.73606
2.38619, 2.21307
2.38919, 2.07565
2.3922, 1.45909
2.3952, 1.17625
2.3982, 1.8483
2.4012, 1.32388
2.4042, 2.08875
2.4072, 1.61038
2.41021, 1.80118
2.41321, 1.71017
2.41621, 1.49965
2.41921, 1.71702
2.42221, 1.85074
2.42521, 1.12254
2.42821, 1.07271
2.43122, 1.66734
2.43422, 1.51217
2.43722, 1.19947
2.44022, 1.48759
2.44322, 1.56671
2.44622, 1.57413
2.44922, 1.63973
2.45223, 1.48006
2.45523, 1.45337
2.45823, 1.32092
2.46123, 1.41443
2.46423, 2.00729
2.46723, 1.56864
2.47024, 1.50227
2.47324, 1.5591
2.47624, 2.08073
2.47924, 1.56568
2.48224, 1.45664
2.48524, 1.75239
2.48824, 1.68642
2.49125, 1.52492
2.49425, 1.06717
2.49725, 1.12894
2.50025, 1.6572
2.50325, 1.84319
2.50625, 1.08845
2.50925, 1.59191
2.51226, 1.37045
2.51526, 1.63149
2.51826, 1.9396
2.52126, 1.75009
2.52426, 1.4144
2.52726, 1.43235
2.53027, 1.57152
2.53327, 1.81201
2.53627, 1.65096
2.53927, 1.30846
2.54227, 1.41287
2.54527, 1.33023
2.54827, 1.71075
2.55128, 1.43651
2.55428, 1.45027
2.55728, 1.59424
2.56028, 1.44441
2.56328, 1.26762
2.56628, 1.49182
2.56928, 1.52526
2.57229, 1.59344
2.57529, 1.27864
2.57829, 1.36345
2.58129, 1.7118
2.58429, 1.39582
2.58729, 1.69221
2.5903, 1.63267
2.5933, 1.98283
2.5963, 1.53999
2.5993, 1.13884
2.6023, 1.1229
2.6053, 1.18163
2.6083, 1.92423
2.61131, 1.71942
2.61431, 1.66853
2.61731, 1.20212
2.62031, 1.52956
2.62331, 1.92609
2.62631, 2.25066
2.62931, 1.33647
2.63232, 2.02149
2.63532, 1.36543
2.63832, 1.09228
2.64132, 1.66384
2.64432, 1.32261
2.64732, 1.49785
2.65033, 1.86765
2.65333, 1.6389
2.65633, 1.60569
2.65933, 1.3382
2.66233, 1.96967
2.66533, 1.43311
2.66833, 2.18727
2.67134, 1.64477
2.67434, 1.20931
2.67734, 1.49536
2.68034, 1.97828
2.68334, 2.44362
2.68634, 1.59147
2.68934, 1.79123
2.69235, 1.63551
2.69535, 1.58398
2.69835, 1.98275
2.70135, 1.33304
2.70435, 2.13064
2.70735, 1.76277
2.71036, 2.45354
2.71336, 2.0125
2.71636, 1.19915
2.71936, 2.06097
2.72236, 2.24147
2.72536, 1.24935
2.72836, 1.34907
2.73137, 2.00656
2.73437, 2.22944
2.73737, 1.91311
2.74037, 2.51675
2.74337, 2.02595
2.74637, 1.22614
2.74937, 1.74573
2.75238, 2.18289
2.75538, 2.64799
2.75838, 1.71883
2.76138, 1.71378
2.76438, 2.04248
2.76738, 2.21936
2.77039, 2.37401
2.77339, 2.26886
2.77639, 1.86701
2.77939, 2.40671
2.78239, 1.8322
2.78539, 2.29132
2.78839, 1.96279
2.7914, 1.33779
2.7944, 1.99955
2.7974, 1.95875
2.8004, 2.34782
2.8034, 2.54374
2.8064, 2.02287
2.8094, 1.78729
2.81241, 2.50133
2.81541, 2.34429
2.81841, 2.40412
2.82141, 2.21632
2.82441, 2.63944
2.82741, 2.11257
2.83042, 2.0353
2.83342, 2.75637
2.83642, 2.18457
2.83942, 1.76223
2.84242, 2.56997
2.84542, 1.64584
2.84842, 2.0489
2.85143, 2.59545
2.85443, 1.94783
2.85743, 2.4649
2.86043, 2.34587
2.86343, 2.70411
2.86643, 1.89021
2.86943, 2.25033
2.87244, 1.67785
2.87544, 2.24738
2.87844, 2.59039
2.88144, 2.84284
2.88444, 2.15051
2.88744, 2.49379
2.89045, 2.1134
2.89345, 2.12901
2.89645, 2.67589
2.89945, 2.74279
2.90245, 2.82363
2.90545, 2.87758
2.90845, 3.16861
2.91146, 2.53122
2.91446, 2.48531
2.91746, 2.63881
2.92046, 3.11989
2.92346, 2.65963
2.92646, 2.13297
2.92946, 3.15326
2.93247, 2.78757
2.93547, 2.78136
2.93847, 3.02949
2.94147, 2.28128
2.94447, 2.60631
2.94747, 2.82639
2.95048, 2.778
2.95348, 2.50482
2.95648, 2.98184
2.95948, 2.76463
2.96248, 3.00824
2.96548, 2.95756
2.96848, 3.01082
2.97149, 2.54391
2.97449, 2.63688
2.97749, 2.76465
2.98049, 2.65479
2.98349, 2.74433
2.98649, 2.74398
2.98949, 2.44895
2.9925, 2.94849
2.9955, 2.52058
2.9985, 2.71933
3.0015, 2.54951
3.0045, 2.64907
3.0075, 2.90136
3.01051, 2.77945
3.01351, 3.15438
3.01651, 2.58068
3.01951, 2.98267
3.02251, 2.86932
3.02551, 2.1886
3.02851, 2.79817
3.03152, 2.36602
3.03452, 2.63048
3.03752, 2.64873
3.04052, 2.511
3.04352, 2.38038
3.04652, 2.71055
3.04952, 2.53569
3.05253, 2.75171
3.05553, 3.03284
3.05853, 2.48284
3.06153, 2.571
3.06453, 2.26397
3.06753, 2.40552
3.07054, 2.82231
3.07354, 2.62174
3.07654, 3.15171
3.07954, 2.58099
3.08254, 2.76312
3.08554, 2.37839
3.08854, 2.56032
3.09155, 2.74454
3.09455, 3.08778
3.09755, 2.3586
3.10055, 2.41339
3.10355, 2.74279
3.10655, 3.13508
3.10955, 2.50797
3.11256, 2.53697
3.11556, 3.19855
3.11856, 2.11541
3.12156, 2.63047
3.12456, 2.7312
3.12756, 2.30839
3.13057, 2.86808
3.13357, 2.75465
3.13657, 3.25254
3.13957, 2.45585
3.14257, 2.54011
3.14557, 2.07729
3.14857, 2.8706
3.15158, 2.16069
3.15458, 2.4591
3.15758, 2.29555
3.16058, 2.18522
3.16358, 2.74987
3.16658, 2.35971
3.16958, 2.8897
3.17259, 2.11927
3.17559, 1.83849
3.17859, 2.82
3.18159, 2.58059
3.18459, 2.60032
3.18759, 1.73963
3.1906, 2.55658
3.1936, 2.80594
3.1966, 2.64372
3.1996, 2.16755
3.2026, 2.7401
3.2056, 2.74805
3.2086, 1.69282
3.21161, 1.75985
3.21461, 2.35027
3.21761, 2.1935
3.22061, 2.04599
3.22361, 1.87409
3.22661, 1.9539
3.22961, 1.62412
3.23262, 1.68839
3.23562, 2.29785
3.23862, 2.29204
3.24162, 1.32382
3.24462, 1.83072
3.24762, 2.39234
3.25063, 2.47206
3.25363, 2.28839
3.25663, 1.13988
3.25963, 1.40873
3.26263, 2.05331
3.26563, 2.66835
3.26863, 1.91433
3.27164, 1.55636
3.27464, 0.90255
3.27764, 2.63294
3.28064, 2.38933
3.28364, 1.55107
3.28664, 1.39131
3.28964, 1.79916
3.29265, 2.69853
3.29565, 1.49432
3.29865, 1.62759
3.30165, 2.40517
3.30465, 2.06607
3.30765, 2.29962
3.31066, 1.59674
3.31366, 2.03705
3.31666, 1.81436
3.31966, 1.86028
3.32266, 1.82664
3.32566, 2.05269
3.32866, 1.25372
3.33167, 1.81058
3.33467, 1.49143
3.33767, 1.23591
3.34067, 1.26798
3.34367, 1.74318
3.34667, 2.14333
3.34967, 1.35323
3.35268, 1.13066
3.35568, 1.15253
3.35868, 0.665357
3.36168, 1.64219
3.36468, 0.804199
3.36768, 2.26979
3.37069, 1.21378
3.37369, 0.922046
3.37669, 1.79723
3.37969, 0.868622
3.38269, 1.37957
3.38569, 1.5426
3.38869, 0.699228
3.3917, 0.574461
3.3947, 0.554682
3.3977, 1.00572
3.4007, 0.774305
3.4037, 1.52854
3.4067, 0.963884
3.4097, 1.40765
3.41271, 1.71378
3.41571, 1.19145
3.41871, 1.43532
3.42171, 1.24022
3.42471, 1.41761
3.42771, 0.939251
3.43072, 1.23678
3.43372, 1.33723
3.43672, 0.910348
3.43972, 1.45558
3.44272, 0.667592
3.44572, 1.01911
3.44872, 1.08669
3.45173, 1.43682
3.45473, 1.13066
3.45773, 0.517953
3.46073, 0.800732
3.46373, 1.22012
3.46673, 0.673345
3.46973, 1.07726
3.47274, 0.884428
3.47574, 0.867416
3.47874, 1.28875
3.48174, 1.01379
3.48474, 0.633637
3.48774, 1.1856
3.49075, 1.12127
3.49375, 1.67237
3.49675, 0.769297
3.49975, 0.790477
3.50275, 0.783989
3.50575, 1.10648
3.50875, 1.19432
3.51176, 1.11773
3.51476, 0.989333
3.51776, 0.926401
3.52076, 0.674283
3.52376, 1.0433
3.52676, 1.15785
3.52976, 1.11765
3.53277, 0.736117
3.53577, 0.696996
3.53877, 1.04152
3.54177, 0.986868
3.54477, 1.5486
3.54777, 0.65673
3.55078, 0.903237
3.55378, 0.753489
3.55678, 0.880925
3.55978, 0.780987
3.56278, 0.916596
3.56578, 1.07297
3.56878, 0.643377
3.57179, 1.02444
3.57479, 0.870031
3.57779, 1.35236
3.58079, 1.3925
3.58379, 1.54504
3.58679, 1.37848
3.58979, 1.13762
3.5928, 1.05412
3.5958, 1.52794
3.5988, 1.49961
3.6018, 0.885794
3.6048, 1.27421
3.6078, 0.855613
3.61081, 1.37083
3.61381, 0.895405
3.61681, 1.20347
3.61981, 1.51478
3.62281, 1.21695
3.62581, 0.975893
3.62881, 1.30723
3.63182, 0.816575
3.63482, 0.897849
3.63782, 2.01765
3.64082, 2.09076
3.64382, 1.17714
3.64682, 1.05379
3.64982, 1.60254
3.65283, 1.84606
3.65583, 0.974784
3.65883, 0.962439
3.66183, 1.25671
3.66483, 1.24773
3.66783, 1.42413
3.67084, 1.14449
3.67384, 1.57594
3.67684, 1.84308
3.67984, 1.4206
3.68284, 1.60504
3.68584, 1.2928
3.68884, 1.60372
3.69185, 0.944499
3.69485, 1.57313
3.69785, 2.06953
3.70085, 1.21968
3.70385, 2.38703
3.70685, 2.06667
3.70985, 2.17521
3.71286, 1.62521
3.71586, 2.49168
3.71886, 2.0248
3.72186, 1.46728
3.72486, 1.06102
3.72786, 1.80878
3.73087, 1.99425
3.73387, 2.07835
3.73687, 1.61333
3.73987, 1.81251
3.74287, 1.72659
3.74587, 2.16916
3.74887, 2.64252
3.75188, 1.20205
3.75488, 1.74968
3.75788, 2.75372
3.76088, 2.07945
3.76388, 1.8868
3.76688, 2.15881
3.76988, 2.19984
3.77289, 2.434
3.77589, 2.37749
3.77889, 1.92695
3.78189, 2.59723
3.78489, 2.81913
3.78789, 2.50759
3.7909, 1.79048
3.7939, 2.96679
3.7969, 2.42887
3.7999, 2.87124
3.8029, 2.16735
3.8059, 2.70543
3.8089, 2.06458
3.81191, 2.3866
3.81491, 1.61192
3.81791, 1.82454
3.82091, 2.43776
3.82391, 2.12637
3.82691, 2.66519
3.82991, 2.49962
3.83292, 2.93809
3.83592, 2.66397
3.83892, 2.73482
3.84192, 3.15209
3.84492, 2.23722
3.84792, 3.06293
3.85093, 2.41705
3.85393, 1.91217
3.85693, 2.51839
3.85993, 2.85036
3.86293, 2.7844
3.86593, 2.83729
3.86893, 2.54658
3.87194, 3.08516
3.87494, 3.2438
3.87794, 2.70077
3.88094, 2.44206
3.88394, 2.88663
3.88694, 2.74799
3.88994, 2.88402
3.89295, 2.40287
3.89595, 3.13239
3.89895, 2.44507
3.90195, 2.73902
3.90495, 3.07952
3.90795, 2.53316
3.91096, 3.45482
3.91396, 3.42483
3.91696, 3.03283
3.91996, 2.66028
3.92296, 2.54467
3.92596, 2.83412
3.92896, 3.27263
3.93197, 3.03448
3.93497, 3.13661
3.93797, 3.28496
3.94097, 2.79333
3.94397, 3.12131
3.94697, 3.361
3.94997, 3.13587
3.95298, 3.11096
3.95598, 2.90594
3.95898, 3.24011
3.96198, 2.77331
3.96498, 3.31779
3.96798, 2.46403
3.97099, 3.0715
3.97399, 3.33674
3.97699, 3.25341
3.97999, 3.0289
3.98299, 2.93223
3.98599, 2.61822
3.98899, 2.94016
3.992, 3.32046
3.995, 3.0916
3.998, 3.07703
4.001, 3.02347
4.004, 3.31168
4.007, 3.45664
4.01001, 3.36671
4.01301, 3.58337
4.01601, 3.13198
4.01901, 2.74968
4.02201, 2.8148
4.02501, 3.1815
4.02801, 3.52539
4.03102, 2.64704
4.03402, 2.83212
4.03702, 3.33554
4.04002, 2.62725
4.04302, 3.09072
4.04602, 3.60769
4.04902, 3.38086
4.05203, 3.15588
4.05503, 2.90962
4.05803, 3.1466
4.06103, 3.34868
4.06403, 2.85946
4.06703, 3.42047
4.07004, 3.51835
4.07304, 2.88952
4.07604, 2.24156
4.07904, 2.49092
4.08204, 2.63825
4.08504, 3.0607
4.08804, 3.20588
4.09105, 2.6974
4.09405, 3.03842
4.09705, 3.68486
4.10005, 2.71909
4.10305, 2.55185
4.10605, 3.17435
4.10905, 2.77851
4.11206, 2.6157
4.11506, 3.04273
4.11806, 2.64434
4.12106, 2.15723
4.12406, 2.57942
4.12706, 2.84468
4.13007, 2.7895
4.13307, 2.55575
4.13607, 2.82562
4.13907, 2.74167
4.14207, 3.04727
4.14507, 2.15985
4.14807, 2.4843
4.15108, 1.8118
4.15408, 2.77699
4.15708, 1.72686
4.16008, 2.15124
4.16308, 2.7398
4.16608, 2.8518
4.16908, 3.12057
4.17209, 2.09751
4.17509, 3.12004
4.17809, 2.26242
4.18109, 1.83122
4.18409, 2.25062
4.18709, 1.77984
4.1901, 2.25591
4.1931, 3.11767
4.1961, 2.25762
4.1991, 2.85878
4.2021, 2.25111
4.2051, 2.25792
4.2081, 1.9999
4.21111, 1.26684
4.21411, 2.64879
4.21711, 2.76787
4.22011, 2.40172
4.22311, 2.54227
4.22611, 2.40358
4.22911, 2.64053
4.23212, 2.25551
4.23512, 2.37907
4.23812, 1.09861
4.24112, 2.39769
4.24412, 2.98825
4.24712, 1.87869
4.25013, 2.61965
4.25313, 2.00395
4.25613, 2.59661
4.25913, 2.35276
4.26213, 2.32571
4.26513, 1.57571
4.26813, 2.44679
4.27114, 2.09904
4.27414, 1.63287
4.27714, 2.2138
4.28014, 2.34641
4.28314, 2.42311
4.28614, 1.86874
4.28914, 1.24623
4.29215, 1.76013
4.29515, 0.672432
4.29815, 1.46602
4.30115, 1.8397
4.30415, 2.16302
4.30715, 0.836338
4.31016, 0.870031
4.31316, 2.038
4.31616, 1.81051
4.31916, 1.17808
4.32216, 1.15664
4.32516, 1.80767
4.32816, 2.56142
4.33117, 1.50252
4.33417, 1.2417
4.33717, 0.965712
4.34017, 0.946254
4.34317, 1.73184
4.34617, 1.1055
4.34917, 2.16476
4.35218, 1.43297
4.35518, 0.855992
4.35818, 1.16492
4.36118, 1.83888
4.36418, 0.719144
4.36718, 1.34437
4.37019, 0.551556
4.37319, 1.51902
4.37619, 1.11299
4.37919, 0.995966
4.38219, 0.940833
4.38519, 0.826111
4.38819, 2.03292
4.3912, 1.01362
4.3942, 1.21289
4.3972, 1.76864
4.4002, 1.53956
4.4032, 1.13281
4.4062, 1.11813
4.4092, 1.44106
4.41221, 0.851804
4.41521, 1.49799
4.41821, 0.925315
4.42121, 0.351157
4.42421, 0.984374
4.42721, 0.641931
4.43022, 1.227
4.43322, 0.736096
4.43622, 0.943833
4.43922, 1.34921
4.44222, 1.10324
4.44522, 1.17126
4.44822, 1.08979
4.45123, 0.927143
4.45423, 1.55641
4.45723, 0.817109
4.46023, 0.961345
4.46323, 0.889491
4.46623, 1.22366
4.46923, 0.554733
4.47224, 1.14076
4.47524, 0.593045
4.47824, 0.595001
4.48124, 0.972251
4.48424, 1.00086
4.48724, 0.661912
4.49025, 0.546641
4.49325, 1.22063
4.49625, 0.914063
4.49925, 1.36209
4.50225, 0.614959
4.50525, 0.798891
4.50825, 1.02529
4.51126, 0.661535
4.51426, 0.704834
4.51726, 0.531516
4.52026, 0.946487
4.52326, 0.816029
4.52626, 0.501111
4.52926, 1.34411
4.53227, 1.12045
4.53527, 1.11941
4.53827, 0.944148
4.54127, 1.10646
4.54427, 1.48717
4.54727, 1.31472
4.55028, 0.6974
4.55328, 0.877315
4.55628, 0.521375
4.55928, 0.9705
4.56228, 1.469
4.56528, 1.12331
4.56828, 1.16457
4.57129, 1.22017
4.57429, 1.05842
4.57729, 1.09073
4.58029, 1.26298
4.58329, 0.801103
4.58629, 1.04454
4.58929, 1.00732
4.5923, 1.52868
4.5953, 1.39407
4.5983, 1.17412
4.6013, 1.1483
4.6043, 1.54757
4.6073, 1.41161
4.61031, 1.09221
4.61331, 1.60963
4.61631, 1.04706
4.61931, 0.711229
4.62231, 0.814207
4.62531, 0.616092
4.62831, 1.57657
4.63132, 1.2721
4.63432, 1.78243
4.63732, 1.25296
4.64032, 1.93565
4.64332, 1.64536
4.64632, 0.847628
4.64932, 1.91303
4.65233, 1.27711
4.65533, 1.23516
4.65833, 1.13596
4.66133, 1.54084
4.66433, 0.876659
4.66733, 2.24723
4.67034, 0.974732
4.67334, 0.777368
4.67634, 1.66012
4.67934, 2.11873
4.68234, 0.846725
4.68534, 2.30983
4.68834, 1.73308
4.69135, 1.72691
4.69435, 2.10986
4.69735, 1.3832
4.70035, 1.42801
4.70335, 1.96477
4.70635, 1.53747
4.70935, 1.56122
4.71236, 2.17394
4.71536, 1.80506
4.71836, 1.70391
4.72136, 1.46122
4.72436, 1.70958
4.72736, 1.90103
4.73037, 2.66811
4.73337, 1.03942
4.73637, 2.86038
4.73937, 1.78688
4.74237, 2.61574
4.74537, 1.78876
4.74837, 1.85275
4.75138, 1.55999
4.75438, 2.03145
4.75738, 1.75385
4.76038, 2.73364
4.76338, 2.10027
4.76638, 2.90726
4.76938, 1.55098
4.77239, 2.74874
4.77539, 1.42801
4.77839, 2.61863
4.78139, 1.83541
4.78439, 2.1557
4.78739, 2.73439
4.7904, 2.65006
4.7934, 2.32574
4.7964, 2.51698
4.7994, 2.49361
4.8024, 2.76862
4.8054, 3.03601
4.8084, 2.15229
4.81141, 2.64472
4.81441, 2.58303
4.81741, 2.32192
4.82041, 2.60349
4.82341, 2.89566
4.82641, 2.59527
4.82941, 1.4472
4.83242, 2.19491
4.83542, 2.33577
4.83842, 2.23523
4.84142, 2.33525
4.84442, 2.00602
4.84742, 3.24977
4.85043, 2.99077
4.85343, 2.36241
4.85643, 2.0639
4.85943, 2.36136
4.86243, 2.45772
4.86543, 2.3215
4.86843, 2.45794
4.87144, 2.67435
4.87444, 2.78825
4.87744, 2.39706
4.88044, 2.91408
4.88344, 3.02432
4.88644, 3.14038
4.88944, 2.83966
4.89245, 2.49559
4.89545, 2.31673
4.89845, 2.90809
4.90145, 2.91962
4.90445, 2.45834
4.90745, 2.71077
4.91046, 2.72807
4.91346, 2.52542
4.91646, 3.11998
4.91946, 3.04717
4.92246, 3.02461
4.92546, 2.65492
4.92846, 3.15155
4.93147, 2.62193
4.93447, 2.3191
4.93747, 2.52087
4.94047, 2.53221
4.94347, 2.39888
4.94647, 3.04049
4.94947, 2.99608
4.95248, 2.98458
4.95548, 2.41424
4.95848, 2.8884
4.96148, 2.81873
4.96448, 2.96204
4.96748, 2.55367
4.97049, 3.2076
4.97349, 2.84781
4.97649, 2.73843
4.97949, 2.98945
4.98249, 2.77009
4.98549, 2.41533
4.98849, 2.65283
4.9915, 2.72461
4.9945, 2.64812
4.9975, 3.0294
5.0005, 2.70543
5.0035, 2.83649
5.0065, 2.94087
5.0095, 3.17901
5.01251, 2.87672
5.01551, 3.04991
5.01851, 3.18462
5.02151, 3.0082
5.02451, 3.23607
5.02751, 2.95983
5.03052, 2.83396
5.03352, 3.31465
5.03652, 2.92099
5.03952, 2.25157
5.04252, 2.87671
5.04552, 2.7713
5.04852, 2.74697
5.05153, 2.53999
5.05453, 3.06412
5.05753, 2.85828
5.06053, 2.47429
5.06353, 2.43211
5.06653, 2.87504
5.06953, 2.44326
5.07254, 2.11559
5.07554, 2.67017
5.07854, 2.59463
5.08154, 2.82451
5.08454, 2.27055
5.08754, 2.82251
5.09055, 2.31131
5.09355, 1.95587
5.09655, 2.67724
5.09955, 3.29918
5.10255, 2.89746
5.10555, 3.0657
5.10855, 2.28753
5.11156, 2.63574
5.11456, 2.26134
5.11756, 2.47881
5.12056, 2.51497
5.12356, 1.57011
5.12656, 2.36617
5.12956, 2.79516
5.13257, 2.94894
5.13557, 2.8033
5.13857, 3.11834
5.14157, 2.22917
5.14457, 2.79882
5.14757, 2.44637
5.15058, 3.10825
5.15358, 2.22346
5.15658, 2.03315
5.15958, 1.86051
5.16258, 2.56345
5.16558, 2.1837
5.16858, 2.37288
5.17159, 2.54482
5.17459, 2.36533
5.17759, 2.32117
5.18059, 2.63913
5.18359, 2.69008
5.18659, 2.65097
5.18959, 1.97114
5.1926, 2.39879
5.1956, 2.53201
5.1986, 2.97253
5.2016, 2.26719
5.2046, 2.43564
5.2076, 2.14208
5.21061, 2.03898
5.21361, 1.82791
5.21661, 2.01603
5.21961, 2.87112
5.22261, 2.03791
5.22561, 1.8028
5.22861, 1.68234
5.23162, 1.92807
5.23462, 1.67732
5.23762, 2.43493
5.24062, 1.46551
5.24362, 1.96955
5.24662, 2.64642
5.24962, 1.74246
5.25263, 2.56574
5.25563, 1.35051
5.25863, 1.50913
5.26163, 2.04761
5.26463, 2.29753
5.26763, 1.80239
5.27064, 1.56095
5.27364, 1.84152
5.27664, 1.68119
5.27964, 2.27768
5.28264, 2.36091
5.28564, 2.10765
5.28864, 1.86809
5.29165, 1.70576
5.29465, 2.18035
5.29765, 2.41031
5.30065, 1.76484
5.30365, 1.68043
5.30665, 2.4128
5.30965, 1.83801
5.31266, 1.59689
5.31566, 1.87384
5.31866, 1.22406
5.32166, 1.66069
5.32466, 1.95542
5.32766, 2.07751
5.33067, 1.50187
5.33367, 1.85862
5.33667, 1.96942
5.33967, 1.41298
5.34267, 1.27301
5.34567, 1.44018
5.34867, 2.218
5.35168, 2.30682
5.35468, 2.50932
5.35768, 1.41786
5.36068, 1.63227
5.36368, 1.69243
5.36668, 1.64527
5.36968, 1.5753
5.37269, 1.32409
5.37569, 1.29166
5.37869, 1.71883
5.38169, 1.37027
5.38469, 1.22109
5.38769, 1.57237
5.3907, 1.38644
5.3937, 1.69223
5.3967, 1.41548
5.3997, 1.22836
5.4027, 1.82126
5.4057, 1.55585
5.4087, 1.71936
5.41171, 2.00464
5.41471, 1.99959
5.41771, 1.50182
5.42071, 1.18769
5.42371, 1.22115
5.42671, 1.36595
5.42971, 1.40058
5.43272, 1.4926
5.43572, 1.92258
5.43872, 1.42331
5.44172, 1.20543
5.44472, 1.31738
5.44772, 1.57951
5.45073, 1.41122
5.45373, 1.23525
5.45673, 1.25954
5.45973, 1.4249
5.46273, 1.49811
5.46573, 1.5144
5.46873, 1.10812
5.47174, 1.45006
5.47474, 1.52913
5.47774, 1.45692
5.48074, 0.974999
5.48374, 1.14452
5.48674, 1.16729
5.48974, 1.54069
5.49275, 1.8632
5.49575, 1.33256
5.49875, 1.02349
5.50175, 1.01688
5.50475, 1.71225
5.50775, 1.41479
5.51076, 1.94941
5.51376, 1.0252
5.51676, 1.05032
5.51976, 1.45305
5.52276, 1.58043
5.52576, 1.58696
5.52876, 1.29724
5.53177, 1.58847
5.53477, 1.56036
5.53777, 1.20379
5.54077, 1.37964
5.54377, 0.870843
5.54677, 1.4196
5.54977, 1.58597
5.55278, 1.14105
5.55578, 1.70324
5.55878, 1.29354
5.56178, 1.35288
5.56478, 1.07088
5.56778, 1.77859
5.57079, 1.43573
5.57379, 1.55207
5.57679, 1.65494
5.57979, 1.55605
5.58279, 1.66687
5.58579, 1.67813
5.58879, 1.62357
5.5918, 1.80053
5.5948, 1.38487
5.5978, 1.4504
5.6008, 1.60965
5.6038, 1.58728
5.6068, 1.6667
5.6098, 1.48724
5.61281, 1.28301
5.61581, 1.46537
5.61881, 1.61612
5.62181, 1.32896
5.62481, 1.9028
5.62781, 1.87399
5.63082, 1.52392
5.63382, 2.03178
5.63682, 1.42749
5.63982, 1.71938
5.64282, 1.70261
5.64582, 1.20638
5.64882, 1.67671
5.65183, 1.76244
5.65483, 1.80194
5.65783, 1.47685
5.66083, 1.98894
5.66383, 1.90423
5.66683, 1.24128
5.66983, 1.64177
5.67284, 1.78199
5.67584, 1.93644
5.67884, 2.00482
5.68184, 1.85248
5.68484, 2.35302
5.68784, 1.86258
5.69085, 1.35036
5.69385, 1.52625
5.69685, 1.47343
5.69985, 1.99562
5.70285, 1.6686
5.70585, 1.94005
5.70885, 1.61026
5.71186, 2.05279
5.71486, 1.5214
5.71786, 1.70448
5.72086, 1.68568
5.72386, 2.16517
5.72686, 2.02879
5.72986, 2.71209
5.73287, 1.92393
5.73587, 1.61506
5.73887, 1.86798
5.74187, 1.56865
5.74487, 2.28204
5.74787, 2.50579
5.75088, 1.91854
5.75388, 2.0439
5.75688, 1.85243
5.75988, 2.70525
5.76288, 1.80991
5.76588, 1.96153
5.76888, 1.3489
5.77189, 2.51216
5.77489, 2.20424
5.77789, 2.00056
5.78089, 1.6581
5.78389, 1.32151
5.78689, 1.98768
5.78989, 2.29161
5.7929, 2.05302
5.7959, 2.5648
5.7989, 1.91168
5.8019, 2.54617
5.8049, 1.72132
5.8079, 2.03393
5.81091, 2.47562
5.81391, 2.49046
5.81691, 2.13373
5.81991, 2.15374
5.82291, 1.51291
5.82591, 2.28767
5.82891, 2.63695
5.83192, 2.26954
5.83492, 2.49432
5.83792, 1.90404
5.84092, 2.76644
5.84392, 1.98896
5.84692, 1.67913
5.84992, 2.66286
5.85293, 2.33185
5.85593, 2.27409
5.85893, 1.99665
5.86193, 2.34074
5.86493, 1.99192
5.86793, 1.66941
5.87094, 2.54199
5.87394, 2.33696
5.87694, 1.98313
5.87994, 1.74478
5.88294, 2.47023
5.88594, 2.24635
5.88894, 2.4575
5.89195, 2.57844
5.89495, 2.05658
5.89795, 2.03554
5.90095, 2.5326
5.90395, 2.35867
5.90695, 2.35253
5.90995, 2.13199
5.91296, 2.36728
5.91596, 2.50661
5.91896, 2.47328
5.92196, 2.36294
5.92496, 2.65355
5.92796, 2.20469
5.93097, 2.33443
5.93397, 2.25712
5.93697, 2.32086
5.93997, 2.15399
5.94297, 2.606
5.94597, 2.31995
5.94897, 2.58695
5.95198, 2.44476
5.95498, 2.2579
5.95798, 1.8274
5.96098, 2.13176
5.96398, 2.15171
5.96698, 2.29058
5.96998, 2.57617
5.97299, 1.9158
5.97599, 2.23211
5.97899, 2.43783
5.98199, 2.20786
5.98499, 2.06132
5.98799, 2.05645
5.991, 2.37336
5.994, 2.08446
5.997, 2.3538
6, 2.4709
